Date/Time,Location/Region,Energy Source,Energy Demand,Energy Consumption (kWh),Energy Price,Operational Costs,Energy Production (kWh)
01/01/2012,Region A,Fossil Fuels,24016,21848,0.13163,1564.239198,31604
02/01/2012,Region C,Fossil Fuels,56200,34796,0.160969456,3837.295411,11734
03/01/2012,Region A,Renewables,81268,36244,0.155890493,4418.260676,31523
04/01/2012,Region C,Fossil Fuels,61287,19955,0.130128484,3743.41797,21205
05/01/2012,Region B,Fossil Fuels,93447,13788,0.151835453,1071.513936,19548
06/01/2012,Region B,Renewables,84402,6887,0.18103394,1864.931578,6030
07/01/2012,Region C,Fossil Fuels,43607,35789,0.114840693,1277.91994,47213
08/01/2012,Region B,Fossil Fuels,28621,39793,0.111914461,3281.544398,23154
09/01/2012,Region B,Renewables,13823,34394,0.164636843,4025.910715,9754
10/01/2012,Region C,Renewables,30986,23516,0.137383076,1442.316748,23939
11/01/2012,Region C,Fossil Fuels,65325,46616,0.060651017,4353.351282,45822
12/01/2012,Region A,Renewables,58771,40984,0.183816802,3222.035914,18188
13/01/2012,Region A,Renewables,55973,30715,0.054617465,3759.876049,40625
14/01/2012,Region C,Renewables,15690,16602,0.162259453,4885.607394,37323
15/01/2012,Region A,Renewables,40107,3904,0.163819121,1334.723953,36414
16/01/2012,Region B,Fossil Fuels,58888,37760,0.192966663,4604.896092,36532
17/01/2012,Region B,Fossil Fuels,11956,35611,0.058120161,1504.410784,42446
18/01/2012,Region B,Renewables,87839,606,0.139528529,2571.835227,21821
19/01/2012,Region C,Fossil Fuels,57227,15695,0.114176086,4405.754785,28502
20/01/2012,Region B,Fossil Fuels,37533,46509,0.099594943,4625.016947,46216
21/01/2012,Region B,Renewables,96210,27653,0.063547784,3025.486694,36323
22/01/2012,Region A,Fossil Fuels,57234,30105,0.134398118,3376.418553,19916
23/01/2012,Region C,Renewables,68594,45843,0.121856109,3832.589338,7273
24/01/2012,Region C,Renewables,57901,38069,0.065683169,4331.034674,48122
25/01/2012,Region B,Renewables,12519,6080,0.141873426,1486.044678,23535
26/01/2012,Region C,Renewables,32115,49866,0.160692968,4240.277233,35261
27/01/2012,Region A,Fossil Fuels,67266,5900,0.165091745,2925.104602,11884
28/01/2012,Region A,Fossil Fuels,2832,40143,0.185805978,2802.4937,45571
29/01/2012,Region C,Fossil Fuels,42368,31149,0.111420611,2695.599008,29556
30/01/2012,Region B,Renewables,89425,30996,0.192960915,3036.846341,17868
31/01/2012,Region C,Renewables,70715,21137,0.179814411,4780.202214,29716
01/02/2012,Region A,Renewables,72835,41924,0.094475236,3192.815091,3719
02/02/2012,Region B,Fossil Fuels,74366,39515,0.073892456,4812.710153,24350
03/02/2012,Region C,Renewables,38570,6677,0.115308409,1721.160522,37324
04/02/2012,Region A,Renewables,88977,7769,0.110284806,3896.543915,4083
05/02/2012,Region C,Renewables,7615,15474,0.136357896,4248.958154,5491
06/02/2012,Region C,Renewables,73298,14537,0.137507935,3716.515325,24012
07/02/2012,Region B,Fossil Fuels,39311,19256,0.162498048,3427.689121,40918
08/02/2012,Region A,Fossil Fuels,91245,16667,0.126483492,3259.251124,29402
09/02/2012,Region C,Renewables,24434,23718,0.065723396,4443.72193,18340
10/02/2012,Region C,Fossil Fuels,87879,25667,0.1787437,4286.586389,36629
11/02/2012,Region B,Renewables,16739,43648,0.096464687,1489.154885,6719
12/02/2012,Region C,Renewables,67202,7117,0.195694619,4394.350628,23077
13/02/2012,Region A,Renewables,99580,22034,0.067679016,2656.274478,18476
14/02/2012,Region C,Fossil Fuels,94419,25959,0.193737676,2014.78732,43644
15/02/2012,Region B,Renewables,80599,21042,0.063651771,4479.074272,10552
16/02/2012,Region B,Renewables,34649,803,0.084655421,2728.099199,16812
17/02/2012,Region B,Fossil Fuels,48445,30256,0.056986991,4233.458761,9975
18/02/2012,Region C,Fossil Fuels,40470,13183,0.155766972,2053.614448,41470
19/02/2012,Region B,Renewables,75965,49985,0.17754481,1015.717286,2867
20/02/2012,Region A,Fossil Fuels,49621,33195,0.115110662,2981.836772,32278
21/02/2012,Region A,Renewables,33926,11525,0.189278311,1400.913027,27239
22/02/2012,Region C,Fossil Fuels,38997,21390,0.138544861,4017.503822,35547
23/02/2012,Region C,Renewables,60940,19215,0.14450107,2104.300544,30610
24/02/2012,Region A,Renewables,41724,5061,0.17681288,2774.582586,19102
25/02/2012,Region A,Renewables,98805,33347,0.094520031,1348.13426,1500
26/02/2012,Region A,Renewables,32704,37031,0.103139858,2146.636994,37614
27/02/2012,Region A,Fossil Fuels,29391,27907,0.185892788,4125.960973,35641
28/02/2012,Region A,Fossil Fuels,64291,22080,0.185144524,1606.351648,45513
29/02/2012,Region A,Fossil Fuels,90723,10669,0.196472416,3588.638245,3848
01/03/2012,Region A,Renewables,3526,17616,0.185275747,4669.703411,34090
02/03/2012,Region B,Renewables,25686,37244,0.069105805,3719.347039,11901
03/03/2012,Region A,Fossil Fuels,74339,22543,0.173558643,4244.086757,30578
04/03/2012,Region A,Renewables,99204,2624,0.111475772,1435.886517,28225
05/03/2012,Region A,Fossil Fuels,7574,39920,0.198620203,2002.927304,42309
06/03/2012,Region C,Renewables,9733,38551,0.120842145,4578.155409,18652
07/03/2012,Region C,Renewables,51290,7676,0.133075412,3860.422454,25300
08/03/2012,Region B,Renewables,73793,26274,0.129466237,3558.215306,13474
09/03/2012,Region C,Fossil Fuels,37051,19176,0.098260554,3655.066944,23995
10/03/2012,Region B,Fossil Fuels,16909,45677,0.061253313,2656.802217,25171
11/03/2012,Region C,Fossil Fuels,90682,25260,0.184347685,1178.226526,33853
12/03/2012,Region C,Renewables,78338,45587,0.170401372,4137.766168,12757
13/03/2012,Region C,Fossil Fuels,74432,1497,0.070929017,3714.852945,7908
14/03/2012,Region C,Renewables,29133,44269,0.166515241,2891.217856,48558
15/03/2012,Region B,Renewables,52571,37932,0.143877,4599.038461,18629
16/03/2012,Region A,Fossil Fuels,80062,13617,0.111371568,2344.63866,6637
17/03/2012,Region B,Renewables,51908,11731,0.088103172,2177.286977,15832
18/03/2012,Region A,Fossil Fuels,12278,30251,0.178959318,4491.1853,35034
19/03/2012,Region C,Renewables,52458,7940,0.155028239,4187.950619,27152
20/03/2012,Region C,Renewables,65265,20411,0.132160986,3059.919243,31015
21/03/2012,Region A,Fossil Fuels,57782,44486,0.14143528,1522.938958,9906
22/03/2012,Region A,Fossil Fuels,56415,16108,0.063659927,1860.285886,42047
23/03/2012,Region A,Renewables,92087,30165,0.121087964,3624.911962,29566
24/03/2012,Region C,Renewables,55160,27657,0.079055044,2540.164951,43848
25/03/2012,Region B,Renewables,55399,29279,0.081257552,4345.892767,39500
26/03/2012,Region A,Fossil Fuels,26298,30468,0.149195594,4799.820037,10796
27/03/2012,Region B,Fossil Fuels,23191,27887,0.186688423,4222.547701,1978
28/03/2012,Region C,Fossil Fuels,57964,4590,0.110563492,2510.181692,36119
29/03/2012,Region A,Fossil Fuels,34092,25445,0.081162391,4154.745717,16825
30/03/2012,Region B,Fossil Fuels,90407,40739,0.147312041,2405.766694,10580
31/03/2012,Region C,Fossil Fuels,76257,4243,0.180678057,1668.400351,23506
01/04/2012,Region C,Fossil Fuels,63513,31424,0.16224782,1133.572819,43716
02/04/2012,Region B,Renewables,52097,10696,0.180313585,2542.866851,10767
03/04/2012,Region B,Renewables,31279,26779,0.130483201,4614.237215,31656
04/04/2012,Region C,Renewables,15404,40276,0.162781437,1955.946351,38430
05/04/2012,Region A,Renewables,71022,3824,0.071009684,1826.05266,9979
06/04/2012,Region C,Fossil Fuels,36198,41900,0.102241192,4879.283141,39423
07/04/2012,Region B,Fossil Fuels,95223,20141,0.108432375,1100.016451,18387
08/04/2012,Region C,Renewables,50997,27982,0.126694362,4143.128602,24533
09/04/2012,Region A,Renewables,79692,33494,0.189361454,2285.479823,23570
10/04/2012,Region C,Renewables,1567,15363,0.181144484,1149.951827,34687
11/04/2012,Region A,Renewables,62032,49295,0.070178824,4671.210161,4775
12/04/2012,Region B,Renewables,3179,37986,0.075918448,1558.569321,13719
13/04/2012,Region A,Fossil Fuels,3019,38940,0.103646082,3207.117135,10402
14/04/2012,Region A,Fossil Fuels,82455,24611,0.09361158,2096.21683,46263
15/04/2012,Region C,Renewables,86239,48530,0.142215643,1260.771209,34860
16/04/2012,Region A,Fossil Fuels,19704,3699,0.185416407,1199.689943,42954
17/04/2012,Region A,Renewables,19030,38538,0.194343731,1462.226795,10940
18/04/2012,Region C,Fossil Fuels,70445,46018,0.148040443,1285.468056,21970
19/04/2012,Region A,Renewables,74551,8397,0.17572388,4042.232462,29630
20/04/2012,Region C,Fossil Fuels,4420,41932,0.12878033,2942.264809,45340
21/04/2012,Region B,Fossil Fuels,60875,15392,0.081249042,2371.568365,7390
22/04/2012,Region A,Renewables,48653,8771,0.128703262,2673.475641,47545
23/04/2012,Region A,Fossil Fuels,17740,38426,0.13326239,4715.786942,31409
24/04/2012,Region C,Renewables,66263,25315,0.161368635,4643.007251,18201
25/04/2012,Region C,Fossil Fuels,96864,46112,0.082982448,3862.70592,28529
26/04/2012,Region A,Fossil Fuels,65559,33857,0.105246557,4538.72951,38744
27/04/2012,Region C,Renewables,20465,10052,0.10460412,2278.59211,45967
28/04/2012,Region C,Renewables,52432,16767,0.193915939,2524.437304,29445
29/04/2012,Region A,Renewables,5131,18768,0.116591744,3454.848727,29847
30/04/2012,Region C,Renewables,11652,49427,0.163264095,3494.503789,23360
01/05/2012,Region C,Renewables,65973,14763,0.162621707,2926.799352,7447
02/05/2012,Region C,Renewables,88043,5899,0.089831628,2602.631394,21906
03/05/2012,Region B,Renewables,48147,30311,0.135780453,4944.721246,6815
04/05/2012,Region C,Fossil Fuels,48671,29506,0.184145434,4284.494504,22306
05/05/2012,Region A,Fossil Fuels,90342,41771,0.121279658,2739.920792,49413
06/05/2012,Region C,Renewables,20171,1576,0.191767626,3909.169909,24867
07/05/2012,Region C,Fossil Fuels,87129,7735,0.082168734,2078.246773,2856
08/05/2012,Region B,Fossil Fuels,56692,23721,0.061123866,1400.677305,32519
09/05/2012,Region C,Renewables,59541,16917,0.183718081,2409.724102,30128
10/05/2012,Region B,Renewables,10470,33039,0.17715218,2611.8912,12976
11/05/2012,Region C,Renewables,62344,35109,0.198888481,1066.148498,43571
12/05/2012,Region C,Fossil Fuels,45308,37749,0.151909023,4259.168007,32685
13/05/2012,Region B,Renewables,51639,34402,0.190503189,2436.77361,22069
14/05/2012,Region A,Fossil Fuels,22326,24145,0.174042354,3321.672663,47315
15/05/2012,Region A,Fossil Fuels,5597,22182,0.17666395,1295.852749,3914
16/05/2012,Region A,Fossil Fuels,31788,46407,0.135371236,1699.987315,14242
17/05/2012,Region C,Fossil Fuels,66020,23901,0.10735469,4558.774901,40951
18/05/2012,Region B,Fossil Fuels,50477,8271,0.190183711,3434.750112,2429
19/05/2012,Region C,Fossil Fuels,34071,41835,0.114817576,4801.136201,18727
20/05/2012,Region B,Renewables,71603,9415,0.130822905,4995.000138,32117
21/05/2012,Region C,Renewables,62923,14398,0.116917146,2487.440461,24696
22/05/2012,Region A,Fossil Fuels,71560,2413,0.134722747,2195.212256,28955
23/05/2012,Region C,Fossil Fuels,74251,37565,0.120575762,4433.424221,19088
24/05/2012,Region C,Fossil Fuels,58492,27568,0.057195134,4994.445708,22215
25/05/2012,Region B,Renewables,32770,2442,0.182307228,3518.564937,36885
26/05/2012,Region B,Renewables,77762,20888,0.116659073,4180.56289,12051
27/05/2012,Region B,Renewables,36399,18215,0.138341547,4126.983435,37684
28/05/2012,Region C,Fossil Fuels,79948,837,0.07087817,2421.358833,26374
29/05/2012,Region B,Renewables,58439,47524,0.050508177,3297.081521,10423
30/05/2012,Region B,Renewables,45415,23950,0.086793514,4332.227765,21736
31/05/2012,Region B,Renewables,13569,10557,0.155687905,3752.455505,6923
01/06/2012,Region C,Renewables,3369,28213,0.06487918,1084.655256,3861
02/06/2012,Region B,Renewables,98557,9483,0.186333116,2346.822676,41657
03/06/2012,Region C,Fossil Fuels,1528,20495,0.082253385,1577.902786,37299
04/06/2012,Region B,Fossil Fuels,31314,49551,0.080689042,1931.888848,39895
05/06/2012,Region C,Renewables,19047,36968,0.077226194,4621.95791,29251
06/06/2012,Region A,Fossil Fuels,20748,26592,0.052097257,1147.573156,17161
07/06/2012,Region C,Renewables,36109,12645,0.16577082,1879.202848,16707
08/06/2012,Region C,Fossil Fuels,14919,39386,0.18125518,2238.277409,35614
09/06/2012,Region A,Renewables,48498,23989,0.142124405,3467.536288,20405
10/06/2012,Region B,Renewables,56808,31536,0.078229997,3136.40676,33056
11/06/2012,Region C,Renewables,81792,30113,0.0927917,1873.077931,12132
12/06/2012,Region C,Fossil Fuels,71441,28984,0.121389005,1656.964269,38632
13/06/2012,Region B,Fossil Fuels,75420,3173,0.193151893,1947.192138,30276
14/06/2012,Region B,Renewables,29906,35390,0.087102706,3010.118507,10245
15/06/2012,Region B,Renewables,72486,12477,0.159746886,2084.711143,34290
16/06/2012,Region B,Fossil Fuels,67896,23966,0.115917233,4790.410006,30567
17/06/2012,Region B,Renewables,22946,41518,0.094677102,2855.460886,46857
18/06/2012,Region A,Fossil Fuels,48020,27509,0.118387391,1235.184066,16010
19/06/2012,Region C,Fossil Fuels,75266,4188,0.060681008,3917.065623,24959
20/06/2012,Region A,Renewables,23161,4248,0.169803106,2315.381153,8364
21/06/2012,Region B,Renewables,28738,39610,0.086495289,3613.955728,41843
22/06/2012,Region C,Fossil Fuels,4925,49543,0.158811818,2118.377482,22019
23/06/2012,Region A,Fossil Fuels,9463,14165,0.060252256,3282.974967,28746
24/06/2012,Region C,Fossil Fuels,58153,37398,0.193264783,4088.610019,37387
25/06/2012,Region A,Renewables,83948,21141,0.078952248,4712.034967,4164
26/06/2012,Region B,Fossil Fuels,62009,33000,0.182411311,2044.508578,5118
27/06/2012,Region A,Renewables,88938,36297,0.171420981,2339.427804,12279
28/06/2012,Region B,Fossil Fuels,92253,19730,0.195178989,2857.065681,8198
29/06/2012,Region A,Renewables,42552,46450,0.121683599,4708.699351,3252
30/06/2012,Region A,Fossil Fuels,57271,25546,0.159109594,4605.547427,22472
01/07/2012,Region B,Renewables,10797,37303,0.105606599,1359.51312,33993
02/07/2012,Region A,Renewables,87130,48395,0.077655236,1527.719303,14665
03/07/2012,Region C,Renewables,72942,36167,0.11646139,2982.036709,26145
04/07/2012,Region B,Renewables,14965,10138,0.074862352,1426.477091,47075
05/07/2012,Region C,Renewables,14733,21327,0.197306693,2382.323493,21159
06/07/2012,Region C,Renewables,54223,21673,0.064436974,1593.541513,9599
07/07/2012,Region C,Renewables,27926,13722,0.138381759,3544.161421,23853
08/07/2012,Region C,Renewables,29783,37510,0.143969578,4797.981727,35692
09/07/2012,Region C,Fossil Fuels,84360,18595,0.130711931,4986.935081,18484
10/07/2012,Region A,Fossil Fuels,37394,1939,0.149327883,2500.96453,5815
11/07/2012,Region A,Renewables,65796,38881,0.067427116,3396.050548,32465
12/07/2012,Region A,Renewables,29287,20514,0.133252779,4425.070614,9457
13/07/2012,Region B,Fossil Fuels,83104,5875,0.093081886,1469.848291,22751
14/07/2012,Region B,Renewables,31436,23987,0.191026409,3758.257644,32863
15/07/2012,Region A,Fossil Fuels,87916,42145,0.164310748,2635.374647,33543
16/07/2012,Region A,Fossil Fuels,91332,26202,0.195877172,1824.584641,27321
17/07/2012,Region B,Renewables,74567,21100,0.05563341,2611.014475,11531
18/07/2012,Region B,Fossil Fuels,88483,2966,0.092769976,1303.841148,19544
19/07/2012,Region C,Renewables,4188,41092,0.079313388,3781.628594,19223
20/07/2012,Region A,Renewables,92205,45597,0.051673188,2010.970675,49876
21/07/2012,Region A,Fossil Fuels,98349,44898,0.08634886,2245.62258,18368
22/07/2012,Region B,Fossil Fuels,7765,47471,0.151816398,1484.325193,48211
23/07/2012,Region B,Fossil Fuels,52626,7428,0.084663338,4458.636456,4734
24/07/2012,Region A,Renewables,89707,22980,0.126350517,2973.777117,12209
25/07/2012,Region C,Renewables,11807,9611,0.183172717,3288.587511,32210
26/07/2012,Region B,Fossil Fuels,11204,41388,0.154063688,3277.730732,31608
27/07/2012,Region C,Renewables,93602,29989,0.10919436,2641.972458,8972
28/07/2012,Region A,Renewables,58944,44332,0.105870341,1770.119662,28158
29/07/2012,Region C,Renewables,43120,9904,0.118360372,3980.530994,1577
30/07/2012,Region A,Fossil Fuels,23658,34139,0.076556216,1508.225061,20563
31/07/2012,Region C,Fossil Fuels,38081,13082,0.145100115,1415.495161,49473
01/08/2012,Region B,Fossil Fuels,35986,1363,0.104622923,3840.58015,35986
02/08/2012,Region B,Fossil Fuels,80322,48151,0.177854802,1835.348082,31970
03/08/2012,Region A,Renewables,95819,45413,0.163482899,2227.091005,21261
04/08/2012,Region B,Renewables,51304,28184,0.141576975,2900.909868,46022
05/08/2012,Region C,Fossil Fuels,66592,3555,0.104630333,2797.405267,3239
06/08/2012,Region C,Renewables,59548,12686,0.081489775,3834.3165,8604
07/08/2012,Region C,Fossil Fuels,99447,3182,0.16642278,3493.727174,46591
08/08/2012,Region A,Renewables,40986,46150,0.122961365,3577.584649,48394
09/08/2012,Region C,Fossil Fuels,75095,38546,0.083712506,3856.217323,14012
10/08/2012,Region C,Fossil Fuels,92594,47073,0.079276192,2170.45091,22453
11/08/2012,Region B,Renewables,89281,22332,0.074810136,2289.333247,22771
12/08/2012,Region A,Fossil Fuels,67151,17497,0.166574179,2751.990992,2789
13/08/2012,Region C,Fossil Fuels,74598,35140,0.084348078,2229.848692,8668
14/08/2012,Region C,Fossil Fuels,29214,11846,0.12899634,4939.751476,42826
15/08/2012,Region B,Renewables,39745,40991,0.117731954,4256.207706,34512
16/08/2012,Region A,Renewables,43548,47139,0.136941635,1658.618753,25404
17/08/2012,Region A,Renewables,11681,49214,0.181573235,1022.376624,22935
18/08/2012,Region B,Fossil Fuels,7984,7689,0.180162109,1171.133073,31344
19/08/2012,Region B,Renewables,28579,46020,0.117661411,1976.253804,38718
20/08/2012,Region B,Fossil Fuels,91810,44833,0.052304938,1457.165143,31647
21/08/2012,Region B,Fossil Fuels,55933,22270,0.113966571,3133.35246,44574
22/08/2012,Region A,Renewables,28399,40210,0.140929031,4431.980891,11480
23/08/2012,Region A,Fossil Fuels,32481,47998,0.133664714,3947.000884,48772
24/08/2012,Region C,Renewables,1944,44651,0.147700416,1862.436252,30883
25/08/2012,Region C,Fossil Fuels,94993,744,0.07311136,2597.197024,35233
26/08/2012,Region C,Fossil Fuels,10114,33288,0.146980265,3031.576838,46379
27/08/2012,Region A,Fossil Fuels,40846,30305,0.077397743,4240.823398,27109
28/08/2012,Region C,Renewables,84666,14417,0.162578597,4356.486412,42519
29/08/2012,Region C,Renewables,78848,46989,0.100863142,4638.873248,11149
30/08/2012,Region B,Renewables,33596,6267,0.156484315,3036.981002,10343
31/08/2012,Region A,Renewables,76287,28890,0.05717984,3777.098986,10260
01/09/2012,Region B,Renewables,7907,10747,0.111179004,1447.201485,35353
02/09/2012,Region C,Fossil Fuels,29114,4015,0.155755178,3261.15584,29325
03/09/2012,Region A,Renewables,26009,35178,0.084030577,1994.767238,6748
04/09/2012,Region B,Renewables,85846,22766,0.169293057,2726.86754,15298
05/09/2012,Region C,Renewables,51241,11250,0.14461696,3536.202033,19791
06/09/2012,Region C,Renewables,36725,30083,0.138134266,2027.943751,25774
07/09/2012,Region A,Fossil Fuels,19996,8576,0.103032328,1208.740231,36198
08/09/2012,Region B,Renewables,7047,18506,0.122367721,1040.935426,8460
09/09/2012,Region C,Fossil Fuels,29767,15551,0.139602395,1088.638142,27045
10/09/2012,Region C,Renewables,17347,4814,0.120869317,1033.39895,1038
11/09/2012,Region A,Renewables,25102,29170,0.154746999,1441.420226,20720
12/09/2012,Region A,Renewables,5263,35721,0.11505454,1957.954858,47459
13/09/2012,Region A,Renewables,68438,2515,0.080340977,1884.886057,10138
14/09/2012,Region C,Fossil Fuels,97359,10736,0.082090067,4947.186377,43317
15/09/2012,Region C,Fossil Fuels,31540,36068,0.050870565,2224.024421,11149
16/09/2012,Region B,Renewables,76726,42291,0.095143657,1509.683133,47150
17/09/2012,Region B,Renewables,64769,45152,0.162337646,3182.250177,12443
18/09/2012,Region C,Renewables,41843,26867,0.169124406,4431.829822,29074
19/09/2012,Region C,Renewables,28690,16852,0.080370131,3712.241507,45813
20/09/2012,Region C,Renewables,3994,46150,0.1938566,2184.328357,41467
21/09/2012,Region A,Renewables,68546,10846,0.125360419,3246.464639,40713
22/09/2012,Region A,Fossil Fuels,8377,25656,0.187546812,3859.423897,39429
23/09/2012,Region B,Renewables,79572,14535,0.156014792,3912.417969,46619
24/09/2012,Region B,Renewables,27467,16608,0.158365013,3666.153821,17432
25/09/2012,Region B,Renewables,1048,3353,0.062756543,4483.241699,27944
26/09/2012,Region A,Fossil Fuels,37978,19120,0.082998669,4480.421833,13121
27/09/2012,Region A,Fossil Fuels,48606,4676,0.051322225,3315.746238,37891
28/09/2012,Region B,Renewables,82574,35423,0.157419146,2719.425476,30056
29/09/2012,Region A,Fossil Fuels,99112,26420,0.101665743,3566.281182,24285
30/09/2012,Region B,Renewables,74414,7329,0.167997877,4272.848005,3660
01/10/2012,Region C,Fossil Fuels,94145,35154,0.100840433,1022.608419,15719
02/10/2012,Region C,Fossil Fuels,50222,39739,0.172900063,4967.988036,34137
03/10/2012,Region A,Fossil Fuels,49115,25630,0.069604738,1731.575089,9211
04/10/2012,Region C,Fossil Fuels,90606,45857,0.076005974,2880.995943,10386
05/10/2012,Region B,Renewables,41647,8891,0.101131481,4488.118939,25112
06/10/2012,Region B,Fossil Fuels,55607,19824,0.111273108,1900.161596,23855
07/10/2012,Region A,Fossil Fuels,58410,46618,0.102305422,2907.180896,35690
08/10/2012,Region B,Renewables,22996,41167,0.164547055,1530.328721,29607
09/10/2012,Region C,Renewables,55921,806,0.064542709,2580.305302,21184
10/10/2012,Region B,Fossil Fuels,84697,36343,0.102682553,1708.541819,47977
11/10/2012,Region C,Renewables,47022,31043,0.175586,2454.510995,29725
12/10/2012,Region A,Renewables,41148,7744,0.060019562,2493.856867,3889
13/10/2012,Region A,Fossil Fuels,68764,7111,0.191351526,4972.683158,15042
14/10/2012,Region B,Fossil Fuels,92901,23206,0.197947526,4979.252117,40778
15/10/2012,Region C,Fossil Fuels,91724,19576,0.063285226,1459.145115,17233
16/10/2012,Region A,Fossil Fuels,9888,47402,0.093690878,3903.875117,34082
17/10/2012,Region B,Fossil Fuels,89666,33543,0.1058601,1206.981919,11783
18/10/2012,Region B,Fossil Fuels,40159,5771,0.166458705,1120.768061,44538
19/10/2012,Region C,Fossil Fuels,43197,7831,0.139389022,1421.335577,44378
20/10/2012,Region C,Fossil Fuels,85326,12053,0.146654855,4861.942628,43597
21/10/2012,Region A,Fossil Fuels,91360,31840,0.163626473,4763.454192,5471
22/10/2012,Region C,Fossil Fuels,99941,12073,0.06769685,1775.711281,24933
23/10/2012,Region C,Renewables,25474,21909,0.174981419,1646.689342,44009
24/10/2012,Region C,Fossil Fuels,18333,20934,0.155842971,1962.140346,1214
25/10/2012,Region C,Fossil Fuels,37355,24964,0.136601259,3062.187976,48661
26/10/2012,Region A,Fossil Fuels,74903,43340,0.1834603,3278.818528,22042
27/10/2012,Region A,Renewables,67258,49285,0.155045953,1886.373722,35984
28/10/2012,Region A,Renewables,32145,21162,0.080254994,4026.491152,39179
29/10/2012,Region B,Renewables,76675,18728,0.114461807,2238.212678,16031
30/10/2012,Region B,Fossil Fuels,50854,49723,0.12410643,4688.525302,22649
31/10/2012,Region B,Renewables,68664,7886,0.058282644,3626.890826,41963
01/11/2012,Region C,Renewables,87153,7362,0.193195627,2745.404777,32476
02/11/2012,Region C,Renewables,94616,40608,0.069286589,4159.648007,22856
03/11/2012,Region A,Renewables,36285,26752,0.15461919,4271.658504,41828
04/11/2012,Region A,Renewables,18533,9987,0.125934655,2161.926422,20747
05/11/2012,Region C,Fossil Fuels,33624,48329,0.053844837,2358.858175,46216
06/11/2012,Region B,Fossil Fuels,47996,40903,0.188712121,4743.820615,26840
07/11/2012,Region B,Renewables,47947,15104,0.177775521,1658.964153,46910
08/11/2012,Region B,Fossil Fuels,28956,17927,0.128638689,1168.601668,47778
09/11/2012,Region B,Renewables,52030,27701,0.08434135,2816.22129,26082
10/11/2012,Region A,Renewables,59597,3542,0.068243434,4204.839601,27001
11/11/2012,Region B,Renewables,43443,10886,0.104508872,4086.672425,7633
12/11/2012,Region B,Fossil Fuels,99613,12192,0.088314242,4678.122516,5552
13/11/2012,Region C,Renewables,66464,15725,0.12600368,3132.802657,25307
14/11/2012,Region C,Renewables,4952,17193,0.194961394,1400.258686,20969
15/11/2012,Region A,Fossil Fuels,57880,7161,0.136243024,3354.755897,45546
16/11/2012,Region B,Renewables,53201,43521,0.183489658,4113.582457,42295
17/11/2012,Region A,Fossil Fuels,43460,18761,0.147631826,1373.312481,25730
18/11/2012,Region B,Renewables,23796,27878,0.121286979,1690.629604,5823
19/11/2012,Region C,Fossil Fuels,32746,21719,0.178191134,1049.162645,1782
20/11/2012,Region B,Renewables,87785,12437,0.120705217,3374.610318,15105
21/11/2012,Region C,Fossil Fuels,1015,1294,0.180294226,4546.937568,16946
22/11/2012,Region A,Renewables,50757,47866,0.093736515,3682.653264,12001
23/11/2012,Region B,Fossil Fuels,26957,7286,0.069321961,4928.16035,17710
24/11/2012,Region A,Fossil Fuels,82541,37282,0.17829717,1252.13461,23831
25/11/2012,Region A,Renewables,22292,40660,0.138112275,4612.004341,24436
26/11/2012,Region A,Fossil Fuels,32876,45813,0.18336386,4256.27315,18114
27/11/2012,Region C,Fossil Fuels,61727,38621,0.190674081,2256.966082,28132
28/11/2012,Region B,Renewables,48046,36675,0.058044259,4894.106207,19130
29/11/2012,Region A,Renewables,15817,27532,0.125145395,2151.750993,16165
30/11/2012,Region C,Fossil Fuels,92006,26927,0.106244682,4557.218895,44301
01/12/2012,Region A,Fossil Fuels,10759,17858,0.14387876,4522.994308,10908
02/12/2012,Region A,Fossil Fuels,49432,30290,0.16903868,4030.630466,4160
03/12/2012,Region C,Fossil Fuels,7412,21121,0.092088532,3253.881895,43353
04/12/2012,Region A,Renewables,58757,49321,0.133519758,1480.010998,41680
05/12/2012,Region A,Renewables,21504,28865,0.156309287,3127.886938,49584
06/12/2012,Region C,Fossil Fuels,9507,13689,0.070164662,2427.185023,4425
07/12/2012,Region A,Renewables,22050,11713,0.172110036,4168.868133,39037
08/12/2012,Region B,Fossil Fuels,5820,7748,0.14091644,4032.516826,2023
09/12/2012,Region A,Fossil Fuels,8835,4869,0.192430616,4642.450029,40678
10/12/2012,Region B,Fossil Fuels,94167,8550,0.100929338,1059.32065,9957
11/12/2012,Region C,Renewables,14587,29105,0.066221891,4236.412867,46819
12/12/2012,Region A,Renewables,58732,38683,0.12597518,4753.848212,38560
13/12/2012,Region B,Fossil Fuels,52921,15898,0.062871616,4157.201796,14446
14/12/2012,Region B,Renewables,46499,41383,0.195428978,1520.777839,45438
15/12/2012,Region B,Renewables,7840,33555,0.055802744,1325.116419,29824
16/12/2012,Region A,Fossil Fuels,66077,3695,0.163025585,1083.380959,5587
17/12/2012,Region B,Renewables,32440,25951,0.12876536,3514.980903,24002
18/12/2012,Region A,Renewables,36183,7950,0.105293098,3518.690607,44708
19/12/2012,Region C,Renewables,97172,3425,0.059876325,4947.654857,36867
20/12/2012,Region C,Renewables,3389,15015,0.143325039,2592.172696,10160
21/12/2012,Region A,Fossil Fuels,56076,5810,0.137783049,2327.62514,33492
22/12/2012,Region A,Fossil Fuels,67299,32317,0.092132491,3497.699709,40019
23/12/2012,Region C,Fossil Fuels,90461,27908,0.186533255,4302.43469,13741
24/12/2012,Region C,Renewables,93085,45028,0.095616501,4747.095798,16793
25/12/2012,Region B,Renewables,40023,48164,0.117458812,4212.496665,15420
26/12/2012,Region C,Fossil Fuels,51029,19780,0.131564368,2706.695922,20993
27/12/2012,Region B,Renewables,40941,17605,0.065034782,3539.656941,22048
28/12/2012,Region C,Renewables,89993,19047,0.189824258,4425.197307,46652
29/12/2012,Region C,Renewables,54950,11274,0.106180423,2962.438753,5827
30/12/2012,Region A,Renewables,87959,15957,0.062116882,1866.746575,5060
31/12/2012,Region C,Fossil Fuels,77054,42811,0.108093676,1678.893759,38396
01/01/2013,Region C,Fossil Fuels,66363,4480,0.140030382,1000.630978,42340
02/01/2013,Region C,Renewables,62742,21386,0.127047901,3872.95198,9812
03/01/2013,Region A,Renewables,98896,12076,0.154181296,1444.388835,26623
04/01/2013,Region B,Fossil Fuels,46215,32391,0.058322591,1975.356399,9115
05/01/2013,Region C,Renewables,48857,36681,0.092681092,2191.505326,47827
06/01/2013,Region C,Renewables,56476,33762,0.172884587,3241.519441,13431
07/01/2013,Region C,Fossil Fuels,29173,1447,0.061984053,2591.829109,19058
08/01/2013,Region A,Fossil Fuels,10395,522,0.178322893,3698.695968,25899
09/01/2013,Region B,Fossil Fuels,60768,1628,0.063784414,1222.554637,36691
10/01/2013,Region A,Renewables,85743,14486,0.175168132,1495.756777,37792
11/01/2013,Region A,Fossil Fuels,47229,32822,0.10411826,2996.846014,32176
12/01/2013,Region B,Renewables,27639,49429,0.141831359,2347.859151,11777
13/01/2013,Region A,Renewables,63583,16660,0.072933067,2183.253451,27494
14/01/2013,Region C,Fossil Fuels,29924,10308,0.059925308,1268.112316,48176
15/01/2013,Region C,Renewables,73969,30112,0.082390731,4582.876699,34778
16/01/2013,Region B,Renewables,31104,22225,0.069178073,3767.274345,10018
17/01/2013,Region A,Fossil Fuels,38594,7498,0.096860885,1486.472627,22588
18/01/2013,Region B,Renewables,4664,40450,0.127157487,1260.183831,21301
19/01/2013,Region C,Fossil Fuels,11528,23918,0.13831392,4899.490134,13253
20/01/2013,Region A,Fossil Fuels,29190,18540,0.168480216,3724.690202,38997
21/01/2013,Region A,Fossil Fuels,67033,21057,0.148435984,2669.824284,16010
22/01/2013,Region B,Fossil Fuels,62161,22325,0.141313749,3806.924163,9489
23/01/2013,Region C,Fossil Fuels,74177,9498,0.111767304,4025.327146,46289
24/01/2013,Region B,Fossil Fuels,71179,36580,0.121071265,4119.84881,28181
25/01/2013,Region C,Renewables,71592,46597,0.112178124,2911.509223,30308
26/01/2013,Region C,Renewables,33899,16302,0.176324905,2719.531032,43453
27/01/2013,Region B,Fossil Fuels,71979,11667,0.084500068,1044.112337,21942
28/01/2013,Region A,Renewables,18241,35592,0.05085814,4706.228461,41750
29/01/2013,Region A,Renewables,47211,42907,0.147697985,3413.231514,9716
30/01/2013,Region B,Renewables,64472,13838,0.080369328,1812.615749,1175
31/01/2013,Region C,Fossil Fuels,75248,11253,0.18351727,4678.413678,32249
01/02/2013,Region B,Fossil Fuels,74757,6484,0.178856949,4659.727607,24597
02/02/2013,Region A,Renewables,32346,19395,0.061509106,4956.736657,21582
03/02/2013,Region B,Fossil Fuels,82196,48410,0.065958261,4496.226253,27828
04/02/2013,Region C,Renewables,78124,44331,0.124275739,4991.137551,21043
05/02/2013,Region C,Fossil Fuels,43220,862,0.141383399,1978.744752,30179
06/02/2013,Region A,Renewables,18942,3954,0.091236251,4368.998341,38580
07/02/2013,Region B,Fossil Fuels,50167,21504,0.157519658,4292.113235,31540
08/02/2013,Region B,Fossil Fuels,37373,36523,0.139237403,1923.761437,20784
09/02/2013,Region C,Renewables,68143,18101,0.098723616,1393.750196,850
10/02/2013,Region C,Fossil Fuels,3016,5849,0.053805723,4917.682055,7390
11/02/2013,Region A,Fossil Fuels,70110,40463,0.162522542,2184.098206,41005
12/02/2013,Region A,Fossil Fuels,47309,10547,0.08221305,4483.567162,15962
13/02/2013,Region A,Fossil Fuels,8274,8250,0.175171062,1016.508619,13905
14/02/2013,Region C,Fossil Fuels,16748,29893,0.113043539,1084.099229,38299
15/02/2013,Region B,Renewables,21175,22963,0.136561616,2863.485235,37441
16/02/2013,Region C,Fossil Fuels,12826,9899,0.18094231,1954.858736,12428
17/02/2013,Region C,Renewables,84008,14186,0.17954345,3759.365134,42832
18/02/2013,Region A,Fossil Fuels,35129,41303,0.105727936,3262.257302,39316
19/02/2013,Region A,Fossil Fuels,71009,34775,0.081333334,1309.94319,22421
20/02/2013,Region A,Fossil Fuels,24490,23287,0.166271912,1650.513185,2276
21/02/2013,Region C,Fossil Fuels,42435,15276,0.114962031,2552.19708,41600
22/02/2013,Region B,Fossil Fuels,76017,30027,0.078806299,1742.416256,36588
23/02/2013,Region B,Fossil Fuels,9520,39851,0.185663801,4168.889389,25237
24/02/2013,Region B,Renewables,92951,37195,0.079715629,2664.280942,27040
25/02/2013,Region B,Fossil Fuels,84106,16297,0.053871075,1373.727467,46252
26/02/2013,Region C,Renewables,62877,37499,0.053041996,2937.371609,11722
27/02/2013,Region A,Fossil Fuels,20798,5802,0.143347303,1363.352724,48954
28/02/2013,Region A,Fossil Fuels,55638,38559,0.149251259,1515.749222,8866
01/03/2013,Region B,Fossil Fuels,70072,1408,0.096656256,1958.439328,12889
02/03/2013,Region C,Fossil Fuels,68309,15623,0.098001648,4438.110821,33400
03/03/2013,Region B,Renewables,30894,13377,0.100924087,4698.450129,46976
04/03/2013,Region B,Fossil Fuels,63963,14739,0.152023782,4305.030917,8967
05/03/2013,Region C,Fossil Fuels,55567,21935,0.058720069,2336.30887,13616
06/03/2013,Region B,Fossil Fuels,36326,27813,0.189367453,2089.785764,21964
07/03/2013,Region A,Renewables,56059,35854,0.083378157,3196.622763,21229
08/03/2013,Region C,Renewables,6079,42603,0.199950981,3887.412642,35801
09/03/2013,Region B,Renewables,26838,48908,0.075728404,4973.491153,32215
10/03/2013,Region A,Renewables,88340,18215,0.165731969,1526.282848,8917
11/03/2013,Region C,Fossil Fuels,48109,23735,0.083511882,1197.167996,48118
12/03/2013,Region B,Fossil Fuels,86211,26629,0.06212702,3777.423556,7159
13/03/2013,Region B,Renewables,26594,11034,0.181239999,4328.903134,15164
14/03/2013,Region A,Fossil Fuels,43749,35074,0.178812689,4385.395119,37765
15/03/2013,Region C,Fossil Fuels,37292,43560,0.110535559,3713.854196,29594
16/03/2013,Region B,Fossil Fuels,75534,17689,0.155359421,4816.063216,11093
17/03/2013,Region A,Renewables,80233,21031,0.13355989,3044.019054,10132
18/03/2013,Region A,Fossil Fuels,52818,11467,0.177943417,4655.259193,1415
19/03/2013,Region B,Fossil Fuels,14429,16955,0.097258395,4871.248548,46412
20/03/2013,Region B,Renewables,58748,527,0.12855086,4388.629828,13201
21/03/2013,Region C,Fossil Fuels,49807,9160,0.122805856,2239.034253,42736
22/03/2013,Region A,Renewables,8140,25839,0.103085874,1784.862605,30172
23/03/2013,Region A,Fossil Fuels,64226,40323,0.18371826,3192.48026,43076
24/03/2013,Region C,Renewables,15901,10116,0.074881689,2812.059002,49122
25/03/2013,Region B,Fossil Fuels,89815,10940,0.072426296,4511.033369,3139
26/03/2013,Region C,Renewables,29525,37100,0.13653643,1400.126684,17046
27/03/2013,Region C,Fossil Fuels,21491,49238,0.148624134,2030.960245,8909
28/03/2013,Region C,Fossil Fuels,69816,13607,0.079192888,4007.195778,24558
29/03/2013,Region C,Fossil Fuels,35980,29146,0.108607616,1379.94658,23891
30/03/2013,Region C,Fossil Fuels,96525,47045,0.191984576,2283.057656,43856
31/03/2013,Region A,Renewables,9078,26751,0.086992613,2548.621576,14117
01/04/2013,Region B,Fossil Fuels,92654,16454,0.150254105,3490.375186,17562
02/04/2013,Region A,Fossil Fuels,90521,17443,0.161022409,1632.530583,4265
03/04/2013,Region C,Renewables,49704,41225,0.117219305,4442.417961,26422
04/04/2013,Region A,Fossil Fuels,17997,45934,0.190628898,2790.168942,7600
05/04/2013,Region B,Fossil Fuels,80810,20715,0.16049851,4668.086848,36339
06/04/2013,Region B,Fossil Fuels,1868,10610,0.118688687,2871.479655,37451
07/04/2013,Region C,Fossil Fuels,27398,40612,0.13540028,2100.161036,3400
08/04/2013,Region B,Fossil Fuels,82578,22055,0.153892017,1567.315315,6318
09/04/2013,Region B,Renewables,98356,16962,0.138828527,1014.980379,20427
10/04/2013,Region C,Renewables,22246,14196,0.181804638,3128.62994,30169
11/04/2013,Region A,Renewables,21561,1531,0.103533299,1428.626788,32245
12/04/2013,Region A,Fossil Fuels,17254,24265,0.094982861,2566.911055,17489
13/04/2013,Region C,Fossil Fuels,35512,48358,0.082075833,3357.087045,16723
14/04/2013,Region A,Fossil Fuels,90532,16316,0.055667445,2102.743588,39269
15/04/2013,Region C,Renewables,95154,18368,0.056452095,1700.897169,31203
16/04/2013,Region C,Renewables,78395,10937,0.180508279,4098.88649,1758
17/04/2013,Region C,Renewables,58865,15953,0.151758972,4787.164689,41163
18/04/2013,Region A,Fossil Fuels,24580,22722,0.149079862,1401.761671,4338
19/04/2013,Region A,Fossil Fuels,71959,14758,0.142196423,1622.361298,24204
20/04/2013,Region B,Fossil Fuels,73144,34818,0.177382872,4840.050629,10783
21/04/2013,Region C,Fossil Fuels,43485,13477,0.122040039,1151.136887,36171
22/04/2013,Region C,Renewables,51621,37950,0.180561624,4910.529346,25442
23/04/2013,Region C,Fossil Fuels,51665,47707,0.103916754,1018.577932,14267
24/04/2013,Region A,Renewables,71412,18713,0.189006126,4494.674623,1005
25/04/2013,Region B,Renewables,51603,37019,0.154798547,2229.300724,28209
26/04/2013,Region A,Renewables,22038,46182,0.08857657,4754.355433,13242
27/04/2013,Region C,Fossil Fuels,94542,10723,0.134612738,2267.781155,27090
28/04/2013,Region C,Fossil Fuels,97346,48666,0.129954584,3617.225286,26908
29/04/2013,Region A,Fossil Fuels,15325,39869,0.070684823,1320.130279,6491
30/04/2013,Region B,Fossil Fuels,36892,21343,0.138686436,1969.319246,39709
01/05/2013,Region A,Fossil Fuels,2753,4356,0.097217844,4094.717386,20304
02/05/2013,Region C,Renewables,96067,13161,0.057852315,3114.743415,30962
03/05/2013,Region C,Fossil Fuels,18996,16091,0.192298424,4711.876247,40296
04/05/2013,Region C,Renewables,69811,6682,0.146223555,2715.005633,39598
05/05/2013,Region A,Fossil Fuels,75283,8470,0.18153784,4479.249463,22351
06/05/2013,Region A,Renewables,46211,48422,0.151408401,2795.82175,14183
07/05/2013,Region B,Fossil Fuels,63820,35362,0.103547554,4916.993115,17296
08/05/2013,Region A,Fossil Fuels,1824,31255,0.126903211,4839.337526,42516
09/05/2013,Region C,Fossil Fuels,14880,45363,0.151362014,2316.546822,9888
10/05/2013,Region A,Fossil Fuels,67617,19916,0.194037849,4543.694682,47782
11/05/2013,Region B,Renewables,12517,14172,0.088050419,4390.445497,28244
12/05/2013,Region B,Renewables,22683,18432,0.181246559,1842.721589,25534
13/05/2013,Region B,Fossil Fuels,17876,47496,0.188611671,3497.161603,42545
14/05/2013,Region B,Fossil Fuels,57354,9059,0.150562327,1290.729262,35371
15/05/2013,Region B,Fossil Fuels,74802,564,0.189689994,4346.842882,27215
16/05/2013,Region C,Fossil Fuels,77719,3799,0.109681788,1698.183534,16189
17/05/2013,Region C,Renewables,87602,5349,0.192952426,1283.258806,28544
18/05/2013,Region C,Renewables,79413,6139,0.155417432,2600.876382,19482
19/05/2013,Region B,Fossil Fuels,10982,11555,0.056300865,3307.688554,45838
20/05/2013,Region A,Renewables,75504,22558,0.186030925,4419.667834,35110
21/05/2013,Region A,Renewables,27598,29927,0.122670921,4896.970102,8059
22/05/2013,Region A,Renewables,15639,17480,0.119049048,2757.97005,45968
23/05/2013,Region A,Renewables,71210,11366,0.134969991,1241.787692,13346
24/05/2013,Region A,Fossil Fuels,70852,4389,0.072407682,3996.462316,2954
25/05/2013,Region A,Fossil Fuels,10695,48726,0.120374907,3260.693025,9566
26/05/2013,Region C,Fossil Fuels,49582,31835,0.174669083,2791.565379,49317
27/05/2013,Region C,Fossil Fuels,32094,26662,0.052322369,2237.075515,12030
28/05/2013,Region B,Fossil Fuels,61635,24413,0.090937574,3009.594111,18565
29/05/2013,Region C,Fossil Fuels,23187,25187,0.050368188,2354.718418,6702
30/05/2013,Region C,Renewables,2214,33720,0.112356696,4028.047471,2022
31/05/2013,Region C,Fossil Fuels,24940,11495,0.159247327,3175.574786,27850
01/06/2013,Region A,Fossil Fuels,45406,3131,0.169815774,4507.391097,35069
02/06/2013,Region C,Fossil Fuels,92221,35454,0.191778464,3174.175659,9850
03/06/2013,Region A,Renewables,44481,6467,0.141275692,1953.049653,49776
04/06/2013,Region A,Renewables,16977,23258,0.08819403,4404.367529,4374
05/06/2013,Region C,Renewables,45839,22242,0.188622192,3228.87618,37297
06/06/2013,Region A,Fossil Fuels,58874,37616,0.166297363,1827.364153,11957
07/06/2013,Region B,Renewables,59414,27080,0.136164272,3494.03124,20375
08/06/2013,Region A,Fossil Fuels,26538,34727,0.154346032,2430.86706,41044
09/06/2013,Region C,Fossil Fuels,57241,2442,0.188647453,4377.622449,18745
10/06/2013,Region B,Renewables,74501,48164,0.156859104,2813.198955,15762
11/06/2013,Region A,Fossil Fuels,76133,28569,0.105256176,3905.765432,36090
12/06/2013,Region C,Fossil Fuels,61481,22306,0.15695423,1382.144831,35959
13/06/2013,Region C,Fossil Fuels,28740,14907,0.056041724,2584.097385,25652
14/06/2013,Region B,Renewables,64328,48890,0.107962334,4932.965746,31484
15/06/2013,Region C,Fossil Fuels,73105,15057,0.110948455,4233.841158,45642
16/06/2013,Region C,Renewables,51643,16945,0.075025735,1639.763209,12596
17/06/2013,Region B,Fossil Fuels,12881,18378,0.053462822,2111.056198,25250
18/06/2013,Region A,Fossil Fuels,37996,18064,0.070007185,2319.263235,35646
19/06/2013,Region B,Renewables,33177,13593,0.148193224,3601.462242,45837
20/06/2013,Region B,Renewables,38177,36056,0.170343322,4027.979038,47930
21/06/2013,Region B,Fossil Fuels,67126,26951,0.198230524,3998.106435,18304
22/06/2013,Region A,Renewables,57531,43668,0.101954525,3039.496225,46528
23/06/2013,Region A,Fossil Fuels,27119,24586,0.139906883,4243.282151,30841
24/06/2013,Region A,Fossil Fuels,28915,16989,0.190571745,2748.312331,11515
25/06/2013,Region A,Renewables,3708,28504,0.075056267,1495.522261,22603
26/06/2013,Region A,Fossil Fuels,39749,20971,0.157646838,3257.767367,4170
27/06/2013,Region B,Renewables,45989,26784,0.16324681,4809.205538,2708
28/06/2013,Region A,Renewables,23106,37193,0.06334633,4171.974606,37875
29/06/2013,Region B,Fossil Fuels,18131,18792,0.179187408,3314.802591,21934
30/06/2013,Region B,Renewables,47553,18933,0.171965757,3587.222641,44865
01/07/2013,Region A,Fossil Fuels,59144,15068,0.055010451,4722.248108,4387
02/07/2013,Region C,Renewables,7553,45924,0.063662662,2713.371178,30823
03/07/2013,Region C,Renewables,18881,9966,0.057369034,2325.576556,45953
04/07/2013,Region A,Fossil Fuels,2379,26021,0.10021153,4908.96626,3213
05/07/2013,Region A,Renewables,91791,37172,0.126393349,4453.772534,25838
06/07/2013,Region A,Fossil Fuels,70306,15967,0.129852159,2292.174338,23355
07/07/2013,Region A,Fossil Fuels,20726,32519,0.090150014,2855.122389,11752
08/07/2013,Region B,Fossil Fuels,10088,10919,0.186739533,2660.312516,4257
09/07/2013,Region C,Renewables,35314,17176,0.105239418,1596.382715,9264
10/07/2013,Region B,Fossil Fuels,56041,29755,0.056832523,4831.277295,1950
11/07/2013,Region C,Fossil Fuels,17350,32014,0.095034067,2617.249725,48105
12/07/2013,Region B,Renewables,82397,43682,0.129666413,4501.316331,33064
13/07/2013,Region B,Renewables,80509,23150,0.111233273,1757.424911,41022
14/07/2013,Region A,Renewables,18769,23254,0.091076378,3191.483243,48353
15/07/2013,Region B,Fossil Fuels,48249,12665,0.069698487,1095.84554,45149
16/07/2013,Region B,Renewables,83862,11183,0.172874675,4056.881935,33586
17/07/2013,Region A,Fossil Fuels,47365,33056,0.199421786,3323.655593,10608
18/07/2013,Region C,Renewables,51185,15942,0.09943132,3502.358334,49936
19/07/2013,Region C,Fossil Fuels,3786,5360,0.107243157,1206.88353,39145
20/07/2013,Region B,Fossil Fuels,2620,4229,0.142705629,1844.153321,4881
21/07/2013,Region C,Fossil Fuels,37303,31851,0.157766221,1297.323489,40022
22/07/2013,Region B,Fossil Fuels,20589,47668,0.10880443,2155.657263,9733
23/07/2013,Region B,Renewables,3882,24846,0.185739428,3509.756031,3471
24/07/2013,Region C,Renewables,63248,9119,0.134000598,3264.743937,44539
25/07/2013,Region C,Fossil Fuels,50322,11664,0.117558511,3448.599286,48538
26/07/2013,Region C,Renewables,25524,39378,0.147000913,3197.005086,32017
27/07/2013,Region C,Renewables,10745,7455,0.192920577,2092.115183,39955
28/07/2013,Region C,Renewables,16861,606,0.169182844,1978.029989,40401
29/07/2013,Region C,Fossil Fuels,92707,5254,0.05600197,1548.238734,19808
30/07/2013,Region C,Renewables,92735,44793,0.099846487,4396.2835,22683
31/07/2013,Region C,Fossil Fuels,55261,22162,0.120581703,3465.917434,34082
01/08/2013,Region A,Fossil Fuels,3837,6908,0.097177636,1746.04405,33774
02/08/2013,Region C,Renewables,75135,40903,0.155028134,1708.837519,34515
03/08/2013,Region A,Renewables,82447,1725,0.173940372,4492.142406,44201
04/08/2013,Region B,Fossil Fuels,55380,12696,0.159701764,3970.923455,16180
05/08/2013,Region B,Fossil Fuels,87089,4750,0.198399993,3637.59632,19012
06/08/2013,Region A,Fossil Fuels,50831,15872,0.090882147,2627.45643,28974
07/08/2013,Region A,Renewables,90349,17779,0.181248424,2047.902257,7661
08/08/2013,Region C,Fossil Fuels,39255,45365,0.1649934,4917.803052,6894
09/08/2013,Region C,Fossil Fuels,30520,30693,0.104326814,4188.9583,39913
10/08/2013,Region B,Renewables,30541,45323,0.160118682,2207.116893,47528
11/08/2013,Region C,Fossil Fuels,66772,27368,0.065611393,4390.259185,25163
12/08/2013,Region A,Renewables,28350,38687,0.168400022,4035.727794,23110
13/08/2013,Region C,Renewables,45397,48981,0.12984959,2188.3222,40100
14/08/2013,Region B,Renewables,78085,28975,0.093843526,2706.211417,6743
15/08/2013,Region C,Fossil Fuels,64865,45052,0.148366595,1743.813782,15369
16/08/2013,Region C,Renewables,56956,2933,0.146243,1444.209778,43416
17/08/2013,Region A,Renewables,28453,11498,0.081422933,3891.048131,9593
18/08/2013,Region A,Fossil Fuels,63345,44843,0.054559612,2070.047429,39007
19/08/2013,Region B,Fossil Fuels,13906,31633,0.115043388,4280.237463,26087
20/08/2013,Region B,Fossil Fuels,15988,34569,0.13542678,4982.434846,34771
21/08/2013,Region B,Renewables,28723,7358,0.181490792,1306.479256,43151
22/08/2013,Region B,Fossil Fuels,34800,9450,0.189232519,2892.1405,47979
23/08/2013,Region B,Fossil Fuels,40107,9438,0.129320783,4208.250237,32169
24/08/2013,Region B,Renewables,28430,25668,0.163070523,4155.803586,23823
25/08/2013,Region A,Renewables,33535,32599,0.115895491,4039.988633,46685
26/08/2013,Region B,Fossil Fuels,69476,6144,0.161912323,2395.979741,24697
27/08/2013,Region B,Fossil Fuels,88329,44346,0.080720229,2815.413023,23810
28/08/2013,Region C,Fossil Fuels,78798,9760,0.10565971,3379.873429,40954
29/08/2013,Region A,Renewables,53284,47958,0.1451342,4895.762334,36699
30/08/2013,Region C,Renewables,57232,36575,0.052723695,2310.189084,20914
31/08/2013,Region C,Fossil Fuels,45420,16988,0.158369197,4692.575551,19850
01/09/2013,Region A,Renewables,38710,895,0.175330325,2077.427673,21925
02/09/2013,Region B,Fossil Fuels,73497,11345,0.109871249,4956.297862,29358
03/09/2013,Region C,Renewables,93035,36559,0.117191363,3681.054747,45646
04/09/2013,Region B,Renewables,41498,18894,0.177692332,2854.045921,21196
05/09/2013,Region A,Fossil Fuels,32283,28957,0.166348195,3453.561712,27925
06/09/2013,Region C,Renewables,67169,46406,0.093222423,2090.124676,23380
07/09/2013,Region C,Fossil Fuels,73358,37805,0.098596416,2096.69543,39773
08/09/2013,Region A,Renewables,63457,43128,0.151831735,1454.218175,24374
09/09/2013,Region A,Renewables,26968,21852,0.134479714,1456.201191,25419
10/09/2013,Region C,Fossil Fuels,63508,21646,0.074334436,2390.686966,14669
11/09/2013,Region C,Fossil Fuels,64220,17935,0.096489486,4051.421912,1458
12/09/2013,Region C,Renewables,86366,39886,0.184997492,3431.88467,47950
13/09/2013,Region A,Renewables,6738,37991,0.153226166,1410.338241,12922
14/09/2013,Region B,Fossil Fuels,4098,20468,0.197896148,4408.9461,44627
15/09/2013,Region B,Renewables,96424,48105,0.165051879,3405.470508,14135
16/09/2013,Region B,Renewables,74633,9039,0.191296165,4843.422307,22477
17/09/2013,Region B,Renewables,79672,1763,0.082428286,3680.74187,29023
18/09/2013,Region A,Fossil Fuels,39244,13805,0.165722731,1700.699455,30614
19/09/2013,Region A,Fossil Fuels,9253,24898,0.053032628,2895.133449,18875
20/09/2013,Region B,Renewables,55333,44202,0.150614003,3593.99039,43985
21/09/2013,Region C,Fossil Fuels,51969,32580,0.120392342,1113.058804,12058
22/09/2013,Region C,Renewables,91744,10765,0.102014011,1059.641057,31327
23/09/2013,Region A,Fossil Fuels,71423,49607,0.179360653,1517.612002,10939
24/09/2013,Region B,Fossil Fuels,45411,32652,0.178140154,2006.65774,43125
25/09/2013,Region A,Renewables,76028,28224,0.053345256,2718.196494,41303
26/09/2013,Region B,Renewables,36421,31124,0.141425768,2949.761895,20314
27/09/2013,Region B,Renewables,2454,34619,0.105174834,1552.110436,21717
28/09/2013,Region C,Fossil Fuels,18522,40458,0.11234915,3693.566316,29897
29/09/2013,Region C,Renewables,39575,29889,0.174806111,3384.552247,18588
30/09/2013,Region C,Renewables,4192,17150,0.096475966,2177.856395,25861
01/10/2013,Region A,Fossil Fuels,56268,26514,0.191457322,1054.639534,10747
02/10/2013,Region C,Fossil Fuels,82311,11385,0.076945074,1310.591661,16344
03/10/2013,Region C,Fossil Fuels,11402,7934,0.149408364,2566.779102,20814
04/10/2013,Region A,Fossil Fuels,79610,30528,0.15081576,1615.897405,15595
05/10/2013,Region A,Renewables,81781,1522,0.087829274,2507.278425,33432
06/10/2013,Region A,Fossil Fuels,37527,24831,0.098712591,3512.730418,20152
07/10/2013,Region C,Fossil Fuels,53181,2537,0.175219774,3188.949712,24453
08/10/2013,Region B,Renewables,92472,9256,0.164270788,1924.703533,2379
09/10/2013,Region C,Fossil Fuels,28002,46826,0.099364382,2375.289965,32558
10/10/2013,Region B,Fossil Fuels,82219,17943,0.130093482,3456.124794,44555
11/10/2013,Region A,Renewables,13460,34692,0.059252044,4443.420112,39560
12/10/2013,Region C,Renewables,31482,4623,0.081311882,4012.853755,33618
13/10/2013,Region C,Renewables,17447,17103,0.122873084,3213.600107,7252
14/10/2013,Region B,Renewables,49228,905,0.06289606,2449.171993,38721
15/10/2013,Region C,Renewables,84265,43097,0.176499853,2460.20511,16140
16/10/2013,Region C,Fossil Fuels,51126,19202,0.157700932,4517.669241,47468
17/10/2013,Region C,Fossil Fuels,21545,43219,0.191545051,1156.974304,48538
18/10/2013,Region A,Renewables,56114,26750,0.154020036,4951.930578,3587
19/10/2013,Region B,Renewables,94740,42251,0.191060206,3657.501643,46949
20/10/2013,Region C,Renewables,76350,21942,0.133176883,3724.550796,49157
21/10/2013,Region B,Renewables,58801,18193,0.140032792,1151.991349,16639
22/10/2013,Region A,Fossil Fuels,14890,24505,0.196545658,3422.1171,2955
23/10/2013,Region A,Renewables,53482,45293,0.146319372,2939.11224,7819
24/10/2013,Region B,Renewables,64397,38197,0.054617985,1423.115628,21414
25/10/2013,Region C,Renewables,2740,29488,0.158570416,2111.688043,26990
26/10/2013,Region C,Renewables,31121,32833,0.185820304,4561.257825,41175
27/10/2013,Region A,Fossil Fuels,12218,30492,0.169337037,3199.953663,11728
28/10/2013,Region A,Fossil Fuels,72591,10022,0.137574991,2653.666301,49225
29/10/2013,Region A,Renewables,89241,45906,0.150695527,1290.728623,9398
30/10/2013,Region A,Fossil Fuels,35722,41970,0.198528768,3856.48611,45139
31/10/2013,Region C,Fossil Fuels,50431,44032,0.063599313,3811.403294,21381
01/11/2013,Region A,Renewables,52543,12621,0.150086724,3456.174428,49774
02/11/2013,Region B,Fossil Fuels,43000,14719,0.092509654,3041.050585,45455
03/11/2013,Region B,Renewables,72975,2117,0.146013559,2735.137609,48596
04/11/2013,Region B,Fossil Fuels,31921,43516,0.141143536,3373.084372,49543
05/11/2013,Region C,Fossil Fuels,89747,24776,0.073018525,1933.581807,47407
06/11/2013,Region B,Fossil Fuels,31614,34851,0.081011997,4765.036257,14719
07/11/2013,Region B,Renewables,62189,7204,0.143244437,3355.178117,38980
08/11/2013,Region C,Fossil Fuels,18601,41256,0.069234492,2244.769777,5299
09/11/2013,Region A,Fossil Fuels,94332,18459,0.089777131,2798.719404,38477
10/11/2013,Region A,Renewables,72543,29022,0.175286832,4222.739156,49046
11/11/2013,Region A,Fossil Fuels,21514,10453,0.099063726,1646.464243,44662
12/11/2013,Region A,Fossil Fuels,84312,27067,0.123209023,2171.34249,26402
13/11/2013,Region A,Fossil Fuels,68612,23060,0.19117105,3718.032091,30492
14/11/2013,Region C,Renewables,91886,3113,0.084072363,2261.956826,41222
15/11/2013,Region B,Renewables,17292,37160,0.108443903,4170.006727,49550
16/11/2013,Region A,Fossil Fuels,32510,45604,0.140968666,1521.813949,22560
17/11/2013,Region B,Renewables,29000,40001,0.163300839,4050.744682,3720
18/11/2013,Region B,Renewables,31383,37699,0.185248008,1273.406859,24885
19/11/2013,Region B,Renewables,12785,24996,0.187320948,1050.370451,23725
20/11/2013,Region C,Renewables,41910,18265,0.166496011,4592.894075,6415
21/11/2013,Region A,Fossil Fuels,40028,26221,0.084249625,3325.356868,37883
22/11/2013,Region C,Renewables,25855,4015,0.0537214,2407.307588,46028
23/11/2013,Region B,Fossil Fuels,25281,4954,0.10756609,1930.378548,3583
24/11/2013,Region A,Fossil Fuels,5841,41037,0.071232328,3467.543133,10405
25/11/2013,Region A,Fossil Fuels,98204,23373,0.156558147,3036.008734,46357
26/11/2013,Region C,Fossil Fuels,61155,8884,0.149169588,4966.391102,45408
27/11/2013,Region C,Renewables,27918,14227,0.056595746,4932.863947,19992
28/11/2013,Region B,Renewables,57313,4034,0.175489067,3540.098265,4131
29/11/2013,Region B,Renewables,18443,34023,0.08731149,2771.482024,32656
30/11/2013,Region B,Renewables,33250,32389,0.114834061,2964.563877,3646
01/12/2013,Region B,Renewables,2922,25965,0.15019006,3729.916265,34497
02/12/2013,Region A,Renewables,32976,31093,0.114412818,1406.298177,38386
03/12/2013,Region C,Renewables,12991,21830,0.11619317,2313.408295,35830
04/12/2013,Region C,Renewables,54744,8802,0.059844199,1301.088964,13575
05/12/2013,Region A,Fossil Fuels,23733,13407,0.110216532,1293.443038,8349
06/12/2013,Region A,Renewables,3473,24930,0.164727184,1783.356968,23237
07/12/2013,Region C,Fossil Fuels,9108,42252,0.187276451,2941.013018,24758
08/12/2013,Region B,Renewables,29715,47653,0.112024571,4139.097285,25043
09/12/2013,Region C,Fossil Fuels,33210,7681,0.113537874,2941.983565,42977
10/12/2013,Region C,Renewables,38317,46713,0.155394066,2341.906442,43224
11/12/2013,Region C,Renewables,66516,13375,0.1914158,1329.411961,29784
12/12/2013,Region A,Renewables,34362,27719,0.090059141,3201.182093,37742
13/12/2013,Region A,Fossil Fuels,55604,36682,0.116021631,2085.074346,38338
14/12/2013,Region A,Fossil Fuels,5889,15505,0.169395987,3459.736712,6633
15/12/2013,Region A,Renewables,90557,42769,0.141454035,4908.750957,24186
16/12/2013,Region A,Renewables,74748,14745,0.066587952,1445.257286,35613
17/12/2013,Region C,Renewables,32971,6957,0.14415991,1848.501595,34605
18/12/2013,Region B,Fossil Fuels,51551,7249,0.078011943,2892.378152,7042
19/12/2013,Region A,Fossil Fuels,4201,33564,0.12653239,4874.455261,29504
20/12/2013,Region A,Renewables,90882,10321,0.12936549,4087.239105,43219
21/12/2013,Region A,Fossil Fuels,38958,33261,0.181430504,4592.916773,25632
22/12/2013,Region C,Fossil Fuels,80251,38551,0.119374141,2334.859394,13121
23/12/2013,Region C,Fossil Fuels,6681,13619,0.091916363,4968.153895,39730
24/12/2013,Region C,Fossil Fuels,47870,8164,0.084644952,1411.331264,33207
25/12/2013,Region B,Fossil Fuels,83256,29781,0.181137782,1211.891624,4873
26/12/2013,Region B,Fossil Fuels,68203,40779,0.075651628,4422.410508,18467
27/12/2013,Region A,Fossil Fuels,29152,32321,0.113880284,4709.059481,16835
28/12/2013,Region A,Renewables,51061,38733,0.078075967,1362.34143,7532
29/12/2013,Region A,Fossil Fuels,58619,25147,0.165995606,1453.709707,4287
30/12/2013,Region B,Renewables,59235,45825,0.121155896,1132.696631,35752
31/12/2013,Region A,Renewables,74740,4882,0.102671554,1418.030251,30225
01/01/2014,Region A,Renewables,38890,16949,0.104164946,1837.679267,47458
02/01/2014,Region C,Fossil Fuels,91073,17763,0.177832131,4880.306476,20371
03/01/2014,Region B,Fossil Fuels,62401,25143,0.133066093,3671.440889,29875
04/01/2014,Region C,Fossil Fuels,12217,9908,0.157680178,4114.212102,42985
05/01/2014,Region C,Renewables,49351,24106,0.184555777,4104.557615,6295
06/01/2014,Region C,Renewables,34741,28103,0.185261251,3140.294999,19481
07/01/2014,Region C,Fossil Fuels,21654,46958,0.099276358,4189.955911,15581
08/01/2014,Region C,Renewables,62314,5569,0.192867689,3383.23013,40665
09/01/2014,Region C,Renewables,2408,20123,0.053731382,2258.18439,9269
10/01/2014,Region C,Fossil Fuels,43903,44940,0.106525334,3244.440435,45967
11/01/2014,Region A,Renewables,85208,17391,0.184369829,3134.034345,17002
12/01/2014,Region B,Fossil Fuels,2218,8204,0.091195532,4293.812215,20728
13/01/2014,Region C,Fossil Fuels,51572,28790,0.090962218,4926.90887,11785
14/01/2014,Region C,Renewables,59798,27960,0.095393343,2644.170262,40399
15/01/2014,Region B,Renewables,31105,18009,0.141847008,4053.562714,17575
16/01/2014,Region A,Fossil Fuels,70634,17769,0.115749916,1399.052016,1768
17/01/2014,Region A,Renewables,66063,8475,0.159010225,4107.325478,11182
18/01/2014,Region B,Renewables,8619,45337,0.184236596,2485.667648,5951
19/01/2014,Region B,Fossil Fuels,12939,7065,0.151129906,1157.560652,27604
20/01/2014,Region B,Fossil Fuels,19226,22967,0.080670008,2452.984714,44386
21/01/2014,Region B,Renewables,26322,5370,0.189902285,3442.571004,33059
22/01/2014,Region A,Renewables,59215,19409,0.089673931,1477.000671,21548
23/01/2014,Region B,Renewables,17878,9617,0.072484144,4696.13797,20491
24/01/2014,Region C,Renewables,7560,2438,0.063495092,1310.689653,32820
25/01/2014,Region A,Fossil Fuels,39278,28890,0.134507561,4720.026879,44360
26/01/2014,Region B,Renewables,37212,44822,0.067064369,3828.550072,28056
27/01/2014,Region B,Renewables,95835,36500,0.070816383,2318.848702,6925
28/01/2014,Region A,Fossil Fuels,74079,20628,0.095004572,2563.001391,5170
29/01/2014,Region A,Renewables,24946,32281,0.092247951,3963.237459,5638
30/01/2014,Region C,Fossil Fuels,32740,3965,0.140635927,3405.884404,49743
31/01/2014,Region B,Fossil Fuels,8253,940,0.172511792,3686.571686,3934
01/02/2014,Region B,Fossil Fuels,80311,5913,0.164202448,2556.658466,46259
02/02/2014,Region C,Renewables,33813,12163,0.089372668,2951.253927,43999
03/02/2014,Region B,Fossil Fuels,65331,39023,0.086796575,4959.469936,12356
04/02/2014,Region C,Renewables,28632,38280,0.19486873,1855.691482,34622
05/02/2014,Region A,Fossil Fuels,49365,20047,0.051235436,2671.424746,28777
06/02/2014,Region C,Renewables,68593,16626,0.18195808,2167.29275,20913
07/02/2014,Region A,Renewables,34431,40020,0.079959278,4060.446042,31366
08/02/2014,Region C,Fossil Fuels,38436,505,0.192092648,4056.050503,3469
09/02/2014,Region A,Renewables,19413,38044,0.101346093,2169.781844,16881
10/02/2014,Region A,Fossil Fuels,96761,7538,0.116052766,1325.561267,13738
11/02/2014,Region C,Fossil Fuels,39485,6914,0.156068092,1045.730707,6517
12/02/2014,Region C,Fossil Fuels,69232,22623,0.138150358,2709.802133,13082
13/02/2014,Region C,Renewables,17101,4470,0.097690899,2641.350377,48459
14/02/2014,Region C,Fossil Fuels,9831,11550,0.133074637,4953.559515,42865
15/02/2014,Region A,Fossil Fuels,85583,3106,0.159606033,2879.208303,15001
16/02/2014,Region B,Fossil Fuels,52897,16982,0.056350242,2025.673478,17089
17/02/2014,Region C,Renewables,6004,33793,0.051679896,4564.917764,25206
18/02/2014,Region C,Fossil Fuels,89241,6837,0.118710041,2964.271799,32086
19/02/2014,Region C,Renewables,46924,34448,0.069775493,3396.702541,13673
20/02/2014,Region C,Fossil Fuels,22509,24951,0.149651644,1382.674842,17312
21/02/2014,Region B,Renewables,38170,26765,0.082107868,2531.665629,29727
22/02/2014,Region B,Renewables,44555,26214,0.114927666,4776.894698,24261
23/02/2014,Region C,Fossil Fuels,15662,21375,0.079650641,3358.021537,21510
24/02/2014,Region B,Renewables,66930,13557,0.132272538,2378.007421,20752
25/02/2014,Region B,Renewables,48403,32900,0.067408019,3502.668723,14248
26/02/2014,Region C,Fossil Fuels,37365,6422,0.053466028,4641.644358,15998
27/02/2014,Region C,Renewables,63188,3571,0.057669746,2095.962402,8422
28/02/2014,Region C,Renewables,77060,22525,0.193138766,3020.466874,41648
01/03/2014,Region B,Renewables,99633,28003,0.071342933,4834.762616,3202
02/03/2014,Region A,Renewables,27673,24265,0.156271738,1689.584573,37124
03/03/2014,Region C,Fossil Fuels,64471,36060,0.060188931,3878.655702,29267
04/03/2014,Region C,Renewables,18156,47112,0.066224053,3457.924033,35761
05/03/2014,Region B,Renewables,58287,33282,0.126331438,3718.700525,43807
06/03/2014,Region C,Renewables,2645,19299,0.11973064,2404.878523,21539
07/03/2014,Region C,Renewables,60076,35953,0.192737046,2255.517494,19318
08/03/2014,Region C,Renewables,95585,27976,0.191725318,3736.838682,27347
09/03/2014,Region B,Fossil Fuels,76351,16712,0.166941296,1862.17314,29736
10/03/2014,Region B,Fossil Fuels,51151,9928,0.140315275,2678.618979,21087
11/03/2014,Region A,Renewables,68384,31919,0.118244048,1752.698584,42151
12/03/2014,Region C,Renewables,34541,8659,0.10342678,1033.219364,26276
13/03/2014,Region A,Renewables,73847,24810,0.192063132,4880.22944,13675
14/03/2014,Region C,Renewables,88099,37368,0.140436322,2726.811915,11486
15/03/2014,Region B,Fossil Fuels,81739,39642,0.136860879,4877.398458,18336
16/03/2014,Region A,Renewables,51955,6504,0.084785168,1561.294079,34862
17/03/2014,Region A,Renewables,10290,38789,0.057004673,3349.467118,49016
18/03/2014,Region A,Fossil Fuels,59942,11912,0.191778287,1803.896131,25841
19/03/2014,Region A,Fossil Fuels,83667,12255,0.097060289,4160.296508,32453
20/03/2014,Region B,Fossil Fuels,31143,19517,0.116388353,4134.811955,22473
21/03/2014,Region C,Fossil Fuels,25509,4390,0.067195992,1450.428596,11167
22/03/2014,Region A,Renewables,88780,29340,0.175538649,4648.257812,20429
23/03/2014,Region C,Renewables,37741,17675,0.054144775,1778.518589,46905
24/03/2014,Region A,Renewables,27898,9691,0.175098614,3451.909366,23900
25/03/2014,Region C,Fossil Fuels,86674,651,0.071042752,4942.53448,7454
26/03/2014,Region B,Renewables,63948,19947,0.182984617,4529.586139,25863
27/03/2014,Region B,Fossil Fuels,62768,23251,0.159465896,4826.255714,20122
28/03/2014,Region A,Fossil Fuels,44262,29675,0.074700539,2370.395085,19810
29/03/2014,Region B,Renewables,6506,24788,0.134872699,1422.302569,13493
30/03/2014,Region B,Renewables,21605,47129,0.096898447,1753.387493,10041
31/03/2014,Region C,Renewables,79590,48300,0.076734965,3001.97958,30578
01/04/2014,Region C,Fossil Fuels,29231,37867,0.17887733,4172.918713,37643
02/04/2014,Region A,Renewables,80397,12774,0.110528415,1600.614577,13451
03/04/2014,Region A,Fossil Fuels,78123,12718,0.109781557,3638.926129,26766
04/04/2014,Region C,Fossil Fuels,14515,24292,0.075483001,2294.310416,10075
05/04/2014,Region A,Fossil Fuels,88211,3477,0.107459851,2364.80829,46406
06/04/2014,Region C,Renewables,39622,17726,0.180742527,3647.670921,2458
07/04/2014,Region B,Renewables,17600,29522,0.104469307,2867.997678,29763
08/04/2014,Region B,Renewables,28892,4293,0.192740534,4248.133172,7732
09/04/2014,Region A,Fossil Fuels,84279,2159,0.191946335,1623.674039,15048
10/04/2014,Region B,Renewables,70310,38430,0.071734799,4159.793079,25237
11/04/2014,Region B,Renewables,22801,43973,0.076596688,1256.940992,40527
12/04/2014,Region C,Renewables,38695,16540,0.179401111,1776.215521,19001
13/04/2014,Region C,Renewables,29853,4770,0.108914138,3624.598858,41950
14/04/2014,Region B,Fossil Fuels,5429,13786,0.050656097,4419.702626,25155
15/04/2014,Region A,Fossil Fuels,5606,4103,0.091080773,2010.718511,15799
16/04/2014,Region A,Fossil Fuels,5478,47040,0.139644349,2308.766423,7176
17/04/2014,Region C,Fossil Fuels,84816,18100,0.169889895,3148.482993,4276
18/04/2014,Region B,Renewables,41134,2791,0.070008293,1846.291226,5166
19/04/2014,Region B,Renewables,70963,13623,0.066581205,4244.625046,49774
20/04/2014,Region B,Renewables,71897,4311,0.188313898,4094.54658,26533
21/04/2014,Region C,Fossil Fuels,26475,13847,0.162672255,1581.166848,13258
22/04/2014,Region C,Renewables,67177,31776,0.13846694,2855.318927,33595
23/04/2014,Region C,Renewables,22730,47119,0.165378018,4099.311067,21415
24/04/2014,Region A,Fossil Fuels,22113,16013,0.114328154,2349.318124,11964
25/04/2014,Region A,Renewables,21011,5642,0.163768362,3532.427291,40116
26/04/2014,Region A,Fossil Fuels,56746,23746,0.105770449,1200.852486,3824
27/04/2014,Region B,Fossil Fuels,43853,26007,0.086614186,3434.755042,30359
28/04/2014,Region B,Fossil Fuels,86195,27214,0.159352013,1610.61192,2064
29/04/2014,Region C,Renewables,37818,12694,0.112950844,4322.3333,9847
30/04/2014,Region B,Renewables,38321,8026,0.197206566,2421.797854,45785
01/05/2014,Region B,Fossil Fuels,22309,19862,0.102422777,2126.215451,7387
02/05/2014,Region A,Renewables,19688,46781,0.188259113,4363.555907,7377
03/05/2014,Region C,Renewables,29176,45352,0.189944382,1200.576092,18435
04/05/2014,Region A,Renewables,69879,46617,0.086277942,2586.435197,46364
05/05/2014,Region B,Renewables,68592,48336,0.169733177,2480.014162,4670
06/05/2014,Region A,Renewables,85728,5095,0.114961176,2139.201497,34894
07/05/2014,Region C,Fossil Fuels,90012,30894,0.187628709,4647.017328,10017
08/05/2014,Region B,Renewables,10416,15902,0.117518641,4003.713574,18402
09/05/2014,Region C,Fossil Fuels,40994,27640,0.161645558,1255.692657,1405
10/05/2014,Region B,Renewables,67422,23095,0.120045111,3858.749798,23143
11/05/2014,Region B,Fossil Fuels,9584,43223,0.084170113,3109.196533,13803
12/05/2014,Region B,Fossil Fuels,94302,47264,0.079902519,4603.471578,44057
13/05/2014,Region C,Fossil Fuels,19830,25411,0.113814679,2251.782469,32889
14/05/2014,Region A,Renewables,86825,26252,0.163324199,3296.647998,18461
15/05/2014,Region C,Renewables,78066,19905,0.140760723,3003.021099,17582
16/05/2014,Region B,Fossil Fuels,4591,24720,0.153294393,2958.243625,30829
17/05/2014,Region C,Renewables,94878,34453,0.092348953,2824.421598,14287
18/05/2014,Region C,Fossil Fuels,22395,36553,0.122215302,1822.517902,48301
19/05/2014,Region C,Fossil Fuels,55182,3947,0.05665929,4022.83969,39842
20/05/2014,Region B,Renewables,17738,11162,0.172629862,2805.344131,22865
21/05/2014,Region C,Renewables,3631,5399,0.198483824,4834.0651,11644
22/05/2014,Region C,Renewables,18905,29082,0.111031859,2043.233709,20123
23/05/2014,Region A,Renewables,20056,49328,0.051644548,3730.975359,26197
24/05/2014,Region A,Fossil Fuels,90082,2435,0.075468896,4762.868319,46757
25/05/2014,Region C,Renewables,36447,42713,0.147879032,3653.833292,18128
26/05/2014,Region C,Renewables,55418,42542,0.141811898,4485.09163,44539
27/05/2014,Region B,Fossil Fuels,38190,10835,0.168179708,4309.923839,39533
28/05/2014,Region B,Fossil Fuels,27014,18169,0.088082602,2440.470862,46189
29/05/2014,Region A,Fossil Fuels,73999,9045,0.164544787,3400.49576,30515
30/05/2014,Region A,Fossil Fuels,51278,40747,0.153197603,1625.045359,39916
31/05/2014,Region B,Fossil Fuels,2780,38523,0.098422175,3142.103531,18380
01/06/2014,Region A,Renewables,92643,18769,0.131823222,1921.687887,1623
02/06/2014,Region B,Renewables,60258,38330,0.072091071,3974.94726,27272
03/06/2014,Region B,Renewables,98123,7566,0.117884676,3112.233688,7884
04/06/2014,Region C,Renewables,43192,11212,0.182179601,2644.909451,13255
05/06/2014,Region C,Renewables,60300,16491,0.113178707,2075.188385,11407
06/06/2014,Region A,Fossil Fuels,91504,36290,0.175935006,4994.793927,17719
07/06/2014,Region C,Renewables,44923,22149,0.138538005,1286.842084,47804
08/06/2014,Region C,Fossil Fuels,90196,34815,0.078781507,1174.242722,20194
09/06/2014,Region B,Fossil Fuels,3395,31306,0.137165937,1869.029602,49804
10/06/2014,Region A,Fossil Fuels,98384,12710,0.125897499,4884.289835,11619
11/06/2014,Region C,Renewables,16779,37472,0.1097962,4916.952673,12769
12/06/2014,Region A,Renewables,72028,40858,0.067944566,3619.710939,18133
13/06/2014,Region B,Renewables,30722,34636,0.1125063,4520.426669,12500
14/06/2014,Region C,Renewables,8111,44797,0.060914356,1855.846923,32592
15/06/2014,Region B,Renewables,10984,16445,0.064815358,4888.168377,34111
16/06/2014,Region C,Fossil Fuels,98552,30165,0.11238748,1571.139401,37468
17/06/2014,Region A,Fossil Fuels,94176,42977,0.095807222,1404.500753,12745
18/06/2014,Region B,Fossil Fuels,73328,14144,0.188831649,1448.846157,37792
19/06/2014,Region B,Fossil Fuels,27924,5417,0.106355871,3292.511693,47326
20/06/2014,Region A,Fossil Fuels,53703,20368,0.163678718,4123.897603,48517
21/06/2014,Region B,Fossil Fuels,33577,12377,0.129537129,2466.668711,36434
22/06/2014,Region A,Fossil Fuels,8711,13724,0.15561285,4911.583951,19430
23/06/2014,Region B,Renewables,86548,3552,0.089017397,2737.680552,41836
24/06/2014,Region B,Renewables,5096,27772,0.191285746,1601.794203,25744
25/06/2014,Region B,Fossil Fuels,67555,41650,0.129513275,2863.866993,24160
26/06/2014,Region A,Fossil Fuels,90848,31168,0.174698611,3716.148662,13613
27/06/2014,Region C,Fossil Fuels,76012,17816,0.104756854,4328.903122,5401
28/06/2014,Region B,Fossil Fuels,9254,7740,0.065031702,2835.07316,13730
29/06/2014,Region A,Renewables,98955,32059,0.151056747,3374.427304,5133
30/06/2014,Region A,Renewables,78120,3738,0.051163947,2069.378849,6199
01/07/2014,Region B,Renewables,6965,43675,0.121293946,3583.666106,18639
02/07/2014,Region A,Renewables,78000,1065,0.078920285,4943.887776,41004
03/07/2014,Region A,Fossil Fuels,78975,22262,0.144106326,1196.21429,20995
04/07/2014,Region A,Renewables,58987,6058,0.196912981,4546.122683,28648
05/07/2014,Region B,Renewables,33963,16875,0.119660436,3249.130011,24493
06/07/2014,Region C,Fossil Fuels,94976,26210,0.172624738,2008.394638,48515
07/07/2014,Region A,Renewables,4273,11603,0.126167628,4819.55884,47529
08/07/2014,Region B,Fossil Fuels,16330,15674,0.124376005,2933.417212,41654
09/07/2014,Region C,Fossil Fuels,22494,41990,0.189563524,2326.761007,37250
10/07/2014,Region A,Fossil Fuels,77422,22293,0.18349488,1725.990513,2654
11/07/2014,Region A,Fossil Fuels,4212,28097,0.16787007,1977.808841,32358
12/07/2014,Region B,Fossil Fuels,84441,9253,0.094438363,4331.396166,3785
13/07/2014,Region B,Fossil Fuels,88594,38897,0.131751262,3457.640037,44385
14/07/2014,Region C,Renewables,2080,6818,0.083584585,4652.982478,20078
15/07/2014,Region C,Fossil Fuels,33675,33569,0.116587505,1927.873809,41064
16/07/2014,Region B,Fossil Fuels,23007,20651,0.12263196,1484.554295,34126
17/07/2014,Region B,Fossil Fuels,83641,40774,0.174746006,1024.350124,20080
18/07/2014,Region A,Fossil Fuels,96815,9201,0.184404255,3031.44815,34822
19/07/2014,Region A,Renewables,47815,7462,0.112193009,4993.227722,16467
20/07/2014,Region C,Fossil Fuels,84482,38697,0.052655667,3779.861075,18865
21/07/2014,Region C,Fossil Fuels,1639,49134,0.179266076,2233.578368,49646
22/07/2014,Region A,Fossil Fuels,64593,30541,0.076141802,4507.434332,22455
23/07/2014,Region A,Renewables,79038,7748,0.143282295,4126.889064,10806
24/07/2014,Region C,Renewables,94899,20329,0.053745635,1061.660664,7083
25/07/2014,Region A,Fossil Fuels,4736,2703,0.109925971,4267.441922,42422
26/07/2014,Region B,Fossil Fuels,17473,25870,0.197894045,2202.107029,45876
27/07/2014,Region B,Fossil Fuels,35019,35747,0.06510404,1598.693858,4125
28/07/2014,Region C,Fossil Fuels,87623,10886,0.113553973,1905.323359,31583
29/07/2014,Region C,Fossil Fuels,95025,934,0.096072493,2874.319218,3943
30/07/2014,Region A,Renewables,37820,43498,0.185763219,2699.471708,36605
31/07/2014,Region A,Fossil Fuels,85861,34974,0.180401016,2155.549197,13217
01/08/2014,Region B,Renewables,58589,25144,0.085654814,1688.873289,32100
02/08/2014,Region A,Fossil Fuels,66807,38993,0.062178168,4048.923159,27326
03/08/2014,Region C,Fossil Fuels,19414,18788,0.144070759,4960.439135,29696
04/08/2014,Region C,Renewables,25220,4459,0.100455307,4111.166322,38243
05/08/2014,Region A,Fossil Fuels,61531,47789,0.150812659,2183.747871,28406
06/08/2014,Region B,Fossil Fuels,43425,11643,0.054817963,1979.235846,40716
07/08/2014,Region B,Fossil Fuels,10387,40093,0.070009885,1870.663504,8351
08/08/2014,Region A,Fossil Fuels,77815,39615,0.152955835,1546.780298,36236
09/08/2014,Region A,Fossil Fuels,28584,46109,0.081855598,3205.322199,48480
10/08/2014,Region C,Fossil Fuels,45783,23040,0.178638151,3421.601488,3046
11/08/2014,Region C,Renewables,40809,35981,0.058788633,3822.010643,40221
12/08/2014,Region C,Fossil Fuels,55327,30469,0.082322297,3720.853484,44701
13/08/2014,Region B,Fossil Fuels,11857,12061,0.199784037,2169.333245,8449
14/08/2014,Region A,Fossil Fuels,43261,23078,0.114961415,2321.244022,42009
15/08/2014,Region C,Renewables,74588,13287,0.15544485,3726.058142,1688
16/08/2014,Region B,Renewables,17995,7012,0.077399457,2397.790563,42783
17/08/2014,Region C,Renewables,14580,11096,0.14148031,1850.492758,30224
18/08/2014,Region A,Fossil Fuels,19240,32246,0.15891591,2497.344615,42359
19/08/2014,Region B,Fossil Fuels,84446,20430,0.097171495,2088.33663,11875
20/08/2014,Region A,Fossil Fuels,76752,48450,0.174334567,1353.250885,23499
21/08/2014,Region A,Fossil Fuels,47111,30701,0.140512637,4320.555609,48772
22/08/2014,Region B,Fossil Fuels,91447,19187,0.108368451,4412.445557,10750
23/08/2014,Region B,Fossil Fuels,35866,36489,0.133646359,1879.001201,6213
24/08/2014,Region C,Fossil Fuels,81974,30683,0.136514127,1259.088798,40105
25/08/2014,Region B,Renewables,74401,21258,0.074830294,3955.309749,4369
26/08/2014,Region B,Fossil Fuels,83093,1582,0.110409855,1846.114503,2042
27/08/2014,Region C,Fossil Fuels,13211,41905,0.101514588,2573.741958,37897
28/08/2014,Region A,Fossil Fuels,59985,31332,0.110135408,1256.541009,30885
29/08/2014,Region B,Fossil Fuels,34268,46391,0.164166588,1905.078339,11287
30/08/2014,Region A,Renewables,4646,46310,0.122380761,4171.609113,19109
31/08/2014,Region A,Renewables,56371,47401,0.191047423,4217.585788,31571
01/09/2014,Region B,Fossil Fuels,43816,18476,0.094051462,1828.3393,27438
02/09/2014,Region A,Renewables,90460,38876,0.112355537,2343.65538,36963
03/09/2014,Region A,Fossil Fuels,45112,6026,0.168043522,1536.953676,22415
04/09/2014,Region C,Fossil Fuels,52048,31586,0.131903689,1296.690521,8839
05/09/2014,Region C,Renewables,55911,22063,0.132054222,4968.686858,8998
06/09/2014,Region C,Renewables,76446,6972,0.058001024,3622.375805,35154
07/09/2014,Region A,Renewables,2778,3275,0.109789949,3168.386037,4624
08/09/2014,Region A,Fossil Fuels,46752,16328,0.09061006,4061.994002,24799
09/09/2014,Region C,Fossil Fuels,85977,45276,0.199900268,4360.308639,4236
10/09/2014,Region B,Renewables,71726,18474,0.096253261,4226.859072,28814
11/09/2014,Region C,Fossil Fuels,81840,22888,0.18267448,1066.157797,41657
12/09/2014,Region B,Renewables,28289,15555,0.15143506,1747.231593,16857
13/09/2014,Region B,Fossil Fuels,45788,19115,0.101137461,3619.621208,2110
14/09/2014,Region A,Renewables,5747,38386,0.131530157,2503.037391,10619
15/09/2014,Region C,Fossil Fuels,75822,23338,0.176080382,4929.930604,49033
16/09/2014,Region B,Fossil Fuels,1045,41228,0.182505245,3661.619171,14257
17/09/2014,Region C,Renewables,96278,12964,0.074059081,4826.195635,1277
18/09/2014,Region A,Renewables,8758,40864,0.100935971,1805.785927,9706
19/09/2014,Region A,Renewables,24437,7740,0.100283477,4455.828112,10668
20/09/2014,Region A,Fossil Fuels,20585,5442,0.056306719,2285.409223,19346
21/09/2014,Region B,Fossil Fuels,99759,20122,0.139735664,4958.259233,34076
22/09/2014,Region C,Renewables,10854,14036,0.178223008,1630.754688,8119
23/09/2014,Region B,Renewables,53076,2100,0.107236158,3065.359275,33949
24/09/2014,Region C,Fossil Fuels,57950,6200,0.161005392,4171.378135,48855
25/09/2014,Region B,Renewables,18349,39339,0.144155062,2730.569922,2645
26/09/2014,Region A,Renewables,97228,10748,0.10634731,2872.336241,24484
